{
  "timestamp": "2025-09-22T12:36:46.032426",
  "cpu_percent": 68.1,
  "memory_percent": 78.7,
  "memory_used_mb": 7586.671875,
  "memory_total_mb": 24576.0,
  "disk_usage_percent": 17.0,
  "network_sent_mb": 5212.31640625,
  "network_recv_mb": 6859.1337890625,
  "thread_count": 22,
  "process_count": 580
}