{
  "timestamp": "2025-09-22T12:03:08.884177",
  "cpu_percent": 14.4,
  "memory_percent": 81.4,
  "memory_used_mb": 7013.59375,
  "memory_total_mb": 24576.0,
  "disk_usage_percent": 16.6,
  "network_sent_mb": 4671.9091796875,
  "network_recv_mb": 6330.40234375,
  "thread_count": 23,
  "process_count": 572
}