{
  "timestamp": "2025-09-22T12:01:54.146937",
  "cpu_percent": 22.0,
  "memory_percent": 81.4,
  "memory_used_mb": 6842.015625,
  "memory_total_mb": 24576.0,
  "disk_usage_percent": 16.6,
  "network_sent_mb": 4635.294921875,
  "network_recv_mb": 6326.95703125,
  "thread_count": 23,
  "process_count": 577
}