{
  "timestamp": "2025-09-22T12:01:21.417689",
  "cpu_percent": 21.5,
  "memory_percent": 81.3,
  "memory_used_mb": 6867.546875,
  "memory_total_mb": 24576.0,
  "disk_usage_percent": 16.6,
  "network_sent_mb": 4634.87109375,
  "network_recv_mb": 6326.525390625,
  "thread_count": 23,
  "process_count": 586
}