{
  "timestamp": "2025-09-22T12:39:28.146328",
  "cpu_percent": 21.6,
  "memory_percent": 78.3,
  "memory_used_mb": 7783.515625,
  "memory_total_mb": 24576.0,
  "disk_usage_percent": 17.0,
  "network_sent_mb": 5268.6005859375,
  "network_recv_mb": 6880.810546875,
  "thread_count": 23,
  "process_count": 511
}